Name,Rating,Number of Reviews,Opening Hours,Phone Number,Address,Website,Response Time,Response Rate,Services Provided,Profile Link,Location,Service Tag
iRepairMotown,5,5,N/A,(248) 965-9877,"1420 Washington Ave, Ste 301, Detroit, MI 48226",https://www.yelp.com/biz/irepairmotown-detroit-8?adjust_creative=nzsOrWQEZA8rEfPyq3271g&utm_campaign=yelp_api_v3&utm_medium=api_v3_business_search&utm_source=nzsOrWQEZA8rEfPyq3271g,N/A,N/A,Mobile Phone Repair,https://www.yelp.com/biz/irepairmotown-detroit-8?adjust_creative=nzsOrWQEZA8rEfPyq3271g&utm_campaign=yelp_api_v3&utm_medium=api_v3_business_search&utm_source=nzsOrWQEZA8rEfPyq3271g,Windsor,irepairmotown-detroit-8
Windsor Wireless,0,0,N/A,+1 519-816-8222,"3244 Walker Road, Windsor, ON N8W 3R8, Canada",https://www.yelp.com/biz/windsor-wireless-windsor?adjust_creative=nzsOrWQEZA8rEfPyq3271g&utm_campaign=yelp_api_v3&utm_medium=api_v3_business_search&utm_source=nzsOrWQEZA8rEfPyq3271g,N/A,N/A,"Mobile Phone Accessories, Electronics Repair, Mobile Phone Repair",https://www.yelp.com/biz/windsor-wireless-windsor?adjust_creative=nzsOrWQEZA8rEfPyq3271g&utm_campaign=yelp_api_v3&utm_medium=api_v3_business_search&utm_source=nzsOrWQEZA8rEfPyq3271g,Windsor,windsor-wireless-windsor
The Cellphone Shop Repair Center,5,3,N/A,+1 519-992-1927,"930 Erie Street E, Windsor, ON N9A 3Y8, Canada",https://www.yelp.com/biz/the-cellphone-shop-repair-center-windsor?adjust_creative=nzsOrWQEZA8rEfPyq3271g&utm_campaign=yelp_api_v3&utm_medium=api_v3_business_search&utm_source=nzsOrWQEZA8rEfPyq3271g,N/A,N/A,"Mobile Phone Repair, Mobile Phone Accessories",https://www.yelp.com/biz/the-cellphone-shop-repair-center-windsor?adjust_creative=nzsOrWQEZA8rEfPyq3271g&utm_campaign=yelp_api_v3&utm_medium=api_v3_business_search&utm_source=nzsOrWQEZA8rEfPyq3271g,Windsor,the-cellphone-shop-repair-center-windsor
Wireless Warehouse,2.3,12,N/A,+1 519-250-9700,"2730 Howard Avenue, Unit 2, Windsor, ON N8X 3X6, Canada",https://www.yelp.com/biz/wireless-warehouse-windsor-4?adjust_creative=nzsOrWQEZA8rEfPyq3271g&utm_campaign=yelp_api_v3&utm_medium=api_v3_business_search&utm_source=nzsOrWQEZA8rEfPyq3271g,N/A,N/A,"Mobile Phone Repair, Mobile Phones",https://www.yelp.com/biz/wireless-warehouse-windsor-4?adjust_creative=nzsOrWQEZA8rEfPyq3271g&utm_campaign=yelp_api_v3&utm_medium=api_v3_business_search&utm_source=nzsOrWQEZA8rEfPyq3271g,Windsor,wireless-warehouse-windsor-4
Windsor Computer Repair,0,0,N/A,+1 226-221-0100,"950 Ottawa Street, Unit A, Windsor, ON N8X 2E1, Canada",https://www.yelp.com/biz/windsor-computer-repair-windsor?adjust_creative=nzsOrWQEZA8rEfPyq3271g&utm_campaign=yelp_api_v3&utm_medium=api_v3_business_search&utm_source=nzsOrWQEZA8rEfPyq3271g,N/A,N/A,"Mobile Phone Repair, Data Recovery",https://www.yelp.com/biz/windsor-computer-repair-windsor?adjust_creative=nzsOrWQEZA8rEfPyq3271g&utm_campaign=yelp_api_v3&utm_medium=api_v3_business_search&utm_source=nzsOrWQEZA8rEfPyq3271g,Windsor,windsor-computer-repair-windsor
First Stop Wireless & Repair,4.2,5,N/A,(248) 894-2865,"22856 Dequindre Rd, Warren, MI 48091",https://www.yelp.com/biz/first-stop-wireless-and-repair-warren?adjust_creative=nzsOrWQEZA8rEfPyq3271g&utm_campaign=yelp_api_v3&utm_medium=api_v3_business_search&utm_source=nzsOrWQEZA8rEfPyq3271g,N/A,N/A,"Mobile Phones, Mobile Phone Repair, Electronics",https://www.yelp.com/biz/first-stop-wireless-and-repair-warren?adjust_creative=nzsOrWQEZA8rEfPyq3271g&utm_campaign=yelp_api_v3&utm_medium=api_v3_business_search&utm_source=nzsOrWQEZA8rEfPyq3271g,Windsor,first-stop-wireless-and-repair-warren
Lacell Tech,5,1,N/A,+1 519-962-3005,"5841 Malden Road, Unit 150, lasalle, ON N9H 1S3, Canada",https://www.yelp.com/biz/lacell-tech-lasalle?adjust_creative=nzsOrWQEZA8rEfPyq3271g&utm_campaign=yelp_api_v3&utm_medium=api_v3_business_search&utm_source=nzsOrWQEZA8rEfPyq3271g,N/A,N/A,"Mobile Phone Repair, Mobile Phones, Computers",https://www.yelp.com/biz/lacell-tech-lasalle?adjust_creative=nzsOrWQEZA8rEfPyq3271g&utm_campaign=yelp_api_v3&utm_medium=api_v3_business_search&utm_source=nzsOrWQEZA8rEfPyq3271g,Windsor,lacell-tech-lasalle
Apples & Oranges,4.3,31,N/A,(734) 623-9000,"8 Nickels Arcade, Ann Arbor, MI 48104",https://www.yelp.com/biz/apples-and-oranges-ann-arbor-3?adjust_creative=nzsOrWQEZA8rEfPyq3271g&utm_campaign=yelp_api_v3&utm_medium=api_v3_business_search&utm_source=nzsOrWQEZA8rEfPyq3271g,N/A,N/A,"IT Services & Computer Repair, Electronics Repair",https://www.yelp.com/biz/apples-and-oranges-ann-arbor-3?adjust_creative=nzsOrWQEZA8rEfPyq3271g&utm_campaign=yelp_api_v3&utm_medium=api_v3_business_search&utm_source=nzsOrWQEZA8rEfPyq3271g,Windsor,apples-and-oranges-ann-arbor-3
MOBI-MAN,5,1,N/A,+1 519-566-5734,"I332 Wayndotte Avenue E, Windsor, ON N9A 3K7, Canada",https://www.yelp.com/biz/mobi-man-windsor-6?adjust_creative=nzsOrWQEZA8rEfPyq3271g&utm_campaign=yelp_api_v3&utm_medium=api_v3_business_search&utm_source=nzsOrWQEZA8rEfPyq3271g,N/A,N/A,Mobile Phone Repair,https://www.yelp.com/biz/mobi-man-windsor-6?adjust_creative=nzsOrWQEZA8rEfPyq3271g&utm_campaign=yelp_api_v3&utm_medium=api_v3_business_search&utm_source=nzsOrWQEZA8rEfPyq3271g,Windsor,mobi-man-windsor-6
Logix Mobility,1,2,N/A,+1 519-800-4086,"230 Wyandotte Street E, Windsor, ON N9A 3H4, Canada",https://www.yelp.com/biz/logix-mobility-windsor?adjust_creative=nzsOrWQEZA8rEfPyq3271g&utm_campaign=yelp_api_v3&utm_medium=api_v3_business_search&utm_source=nzsOrWQEZA8rEfPyq3271g,N/A,N/A,"Mobile Phones, Mobile Phone Repair",https://www.yelp.com/biz/logix-mobility-windsor?adjust_creative=nzsOrWQEZA8rEfPyq3271g&utm_campaign=yelp_api_v3&utm_medium=api_v3_business_search&utm_source=nzsOrWQEZA8rEfPyq3271g,Windsor,logix-mobility-windsor
Community Mobile Tech Service,0,0,N/A,+1 519-300-6587,"Windsor, ON N8S 4J1, Canada",https://www.yelp.com/biz/community-mobile-tech-service-windsor?adjust_creative=nzsOrWQEZA8rEfPyq3271g&utm_campaign=yelp_api_v3&utm_medium=api_v3_business_search&utm_source=nzsOrWQEZA8rEfPyq3271g,N/A,N/A,Mobile Phone Repair,https://www.yelp.com/biz/community-mobile-tech-service-windsor?adjust_creative=nzsOrWQEZA8rEfPyq3271g&utm_campaign=yelp_api_v3&utm_medium=api_v3_business_search&utm_source=nzsOrWQEZA8rEfPyq3271g,Windsor,community-mobile-tech-service-windsor
Quick Phone Fix,4.4,5,N/A,(248) 397-8484,"853 E 8 Mile Rd, Ferndale, MI 48220",https://www.yelp.com/biz/quick-phone-fix-ferndale-4?adjust_creative=nzsOrWQEZA8rEfPyq3271g&utm_campaign=yelp_api_v3&utm_medium=api_v3_business_search&utm_source=nzsOrWQEZA8rEfPyq3271g,N/A,N/A,"Mobile Phone Repair, Electronics Repair, Mobile Phones",https://www.yelp.com/biz/quick-phone-fix-ferndale-4?adjust_creative=nzsOrWQEZA8rEfPyq3271g&utm_campaign=yelp_api_v3&utm_medium=api_v3_business_search&utm_source=nzsOrWQEZA8rEfPyq3271g,Windsor,quick-phone-fix-ferndale-4
Anything Electronics,0,0,N/A,(248) 677-1040,"25857 Lahser Rd, Southfield, MI 48033",https://www.yelp.com/biz/anything-electronics-southfield-2?adjust_creative=nzsOrWQEZA8rEfPyq3271g&utm_campaign=yelp_api_v3&utm_medium=api_v3_business_search&utm_source=nzsOrWQEZA8rEfPyq3271g,N/A,N/A,"Electronics, Electronics Repair, Mobile Phone Repair",https://www.yelp.com/biz/anything-electronics-southfield-2?adjust_creative=nzsOrWQEZA8rEfPyq3271g&utm_campaign=yelp_api_v3&utm_medium=api_v3_business_search&utm_source=nzsOrWQEZA8rEfPyq3271g,Windsor,anything-electronics-southfield-2
Windsor Cell Phone,0,0,N/A,+1 519-300-0309,"1111 Ouellette Avenue, Windsor, ON N9A 4K1, Canada",https://www.yelp.com/biz/windsor-cell-phone-windsor?adjust_creative=nzsOrWQEZA8rEfPyq3271g&utm_campaign=yelp_api_v3&utm_medium=api_v3_business_search&utm_source=nzsOrWQEZA8rEfPyq3271g,N/A,N/A,"Mobile Phone Repair, Mobile Phones",https://www.yelp.com/biz/windsor-cell-phone-windsor?adjust_creative=nzsOrWQEZA8rEfPyq3271g&utm_campaign=yelp_api_v3&utm_medium=api_v3_business_search&utm_source=nzsOrWQEZA8rEfPyq3271g,Windsor,windsor-cell-phone-windsor
University Phone & Mac Repair,5,6,N/A,(231) 930-7544,"Ann Arbor, MI 48104",https://www.yelp.com/biz/university-phone-and-mac-repair-ann-arbor?adjust_creative=nzsOrWQEZA8rEfPyq3271g&utm_campaign=yelp_api_v3&utm_medium=api_v3_business_search&utm_source=nzsOrWQEZA8rEfPyq3271g,N/A,N/A,"Mobile Phone Repair, Data Recovery, Electronics Repair",https://www.yelp.com/biz/university-phone-and-mac-repair-ann-arbor?adjust_creative=nzsOrWQEZA8rEfPyq3271g&utm_campaign=yelp_api_v3&utm_medium=api_v3_business_search&utm_source=nzsOrWQEZA8rEfPyq3271g,Windsor,university-phone-and-mac-repair-ann-arbor
Star Wireless,5,1,N/A,(734) 480-3008,"209 S Ford Blvd, Ypsilanti, MI 48198",https://www.yelp.com/biz/star-wireless-ypsilanti-7?adjust_creative=nzsOrWQEZA8rEfPyq3271g&utm_campaign=yelp_api_v3&utm_medium=api_v3_business_search&utm_source=nzsOrWQEZA8rEfPyq3271g,N/A,N/A,Mobile Phone Repair,https://www.yelp.com/biz/star-wireless-ypsilanti-7?adjust_creative=nzsOrWQEZA8rEfPyq3271g&utm_campaign=yelp_api_v3&utm_medium=api_v3_business_search&utm_source=nzsOrWQEZA8rEfPyq3271g,Windsor,star-wireless-ypsilanti-7
ThinkPC,0,0,N/A,+1 519-977-2311,"2187 Huron Church Road, Unit 230, Windsor, ON N9C 2L8, Canada",https://www.yelp.com/biz/thinkpc-windsor?adjust_creative=nzsOrWQEZA8rEfPyq3271g&utm_campaign=yelp_api_v3&utm_medium=api_v3_business_search&utm_source=nzsOrWQEZA8rEfPyq3271g,N/A,N/A,"IT Services & Computer Repair, Computers, Electronics Repair",https://www.yelp.com/biz/thinkpc-windsor?adjust_creative=nzsOrWQEZA8rEfPyq3271g&utm_campaign=yelp_api_v3&utm_medium=api_v3_business_search&utm_source=nzsOrWQEZA8rEfPyq3271g,Windsor,thinkpc-windsor
GadgetDrop,4.4,9,N/A,(248) 968-0000,"21700 Greenfield Rd, Ste 116, Oak Park, MI 48237",https://www.yelp.com/biz/gadgetdrop-oak-park?adjust_creative=nzsOrWQEZA8rEfPyq3271g&utm_campaign=yelp_api_v3&utm_medium=api_v3_business_search&utm_source=nzsOrWQEZA8rEfPyq3271g,N/A,N/A,Mobile Phone Repair,https://www.yelp.com/biz/gadgetdrop-oak-park?adjust_creative=nzsOrWQEZA8rEfPyq3271g&utm_campaign=yelp_api_v3&utm_medium=api_v3_business_search&utm_source=nzsOrWQEZA8rEfPyq3271g,Windsor,gadgetdrop-oak-park
I Got You Wireless Repair,0,0,N/A,(313) 398-9346,"River Rouge, MI 48218",https://www.yelp.com/biz/i-got-you-wireless-repair-river-rouge?adjust_creative=nzsOrWQEZA8rEfPyq3271g&utm_campaign=yelp_api_v3&utm_medium=api_v3_business_search&utm_source=nzsOrWQEZA8rEfPyq3271g,N/A,N/A,"Electronics Repair, Mobile Phone Repair, Watch Repair",https://www.yelp.com/biz/i-got-you-wireless-repair-river-rouge?adjust_creative=nzsOrWQEZA8rEfPyq3271g&utm_campaign=yelp_api_v3&utm_medium=api_v3_business_search&utm_source=nzsOrWQEZA8rEfPyq3271g,Windsor,i-got-you-wireless-repair-river-rouge
Wireless Phone Doctors,4,21,N/A,(248) 557-3434,"26911 Southfield Rd, Southfield, MI 48076",https://www.yelp.com/biz/wireless-phone-doctors-southfield?adjust_creative=nzsOrWQEZA8rEfPyq3271g&utm_campaign=yelp_api_v3&utm_medium=api_v3_business_search&utm_source=nzsOrWQEZA8rEfPyq3271g,N/A,N/A,"Mobile Phone Repair, Electronics Repair",https://www.yelp.com/biz/wireless-phone-doctors-southfield?adjust_creative=nzsOrWQEZA8rEfPyq3271g&utm_campaign=yelp_api_v3&utm_medium=api_v3_business_search&utm_source=nzsOrWQEZA8rEfPyq3271g,Windsor,wireless-phone-doctors-southfield
Planet Mobile,4,9,N/A,(313) 749-8666,"6626 Schaefer Rd, Dearborn, MI 48126",https://www.yelp.com/biz/planet-mobile-dearborn-4?adjust_creative=nzsOrWQEZA8rEfPyq3271g&utm_campaign=yelp_api_v3&utm_medium=api_v3_business_search&utm_source=nzsOrWQEZA8rEfPyq3271g,N/A,N/A,Mobile Phone Repair,https://www.yelp.com/biz/planet-mobile-dearborn-4?adjust_creative=nzsOrWQEZA8rEfPyq3271g&utm_campaign=yelp_api_v3&utm_medium=api_v3_business_search&utm_source=nzsOrWQEZA8rEfPyq3271g,Windsor,planet-mobile-dearborn-4
Iconic Tech,2.5,2,N/A,+1 519-971-0919,"2227 Wyandotte Street W, Windsor, ON N9B 1K3, Canada",https://www.yelp.com/biz/iconic-tech-windsor?adjust_creative=nzsOrWQEZA8rEfPyq3271g&utm_campaign=yelp_api_v3&utm_medium=api_v3_business_search&utm_source=nzsOrWQEZA8rEfPyq3271g,N/A,N/A,"Mobile Phone Repair, Electronics Repair, Computers",https://www.yelp.com/biz/iconic-tech-windsor?adjust_creative=nzsOrWQEZA8rEfPyq3271g&utm_campaign=yelp_api_v3&utm_medium=api_v3_business_search&utm_source=nzsOrWQEZA8rEfPyq3271g,Windsor,iconic-tech-windsor
Canton Phone Repair,1,3,N/A,(734) 530-3117,"8555 North Lilley Rd, Canton, MI 48187",https://www.yelp.com/biz/canton-phone-repair-canton-2?adjust_creative=nzsOrWQEZA8rEfPyq3271g&utm_campaign=yelp_api_v3&utm_medium=api_v3_business_search&utm_source=nzsOrWQEZA8rEfPyq3271g,N/A,N/A,"Electronics Repair, Mobile Phone Repair, Mobile Phones",https://www.yelp.com/biz/canton-phone-repair-canton-2?adjust_creative=nzsOrWQEZA8rEfPyq3271g&utm_campaign=yelp_api_v3&utm_medium=api_v3_business_search&utm_source=nzsOrWQEZA8rEfPyq3271g,Windsor,canton-phone-repair-canton-2
Cellular Repair Center,3.6,23,N/A,(313) 342-2122,"14621 W 8 Mile Rd, Detroit, MI 48235",https://www.yelp.com/biz/cellular-repair-center-detroit-9?adjust_creative=nzsOrWQEZA8rEfPyq3271g&utm_campaign=yelp_api_v3&utm_medium=api_v3_business_search&utm_source=nzsOrWQEZA8rEfPyq3271g,N/A,N/A,"Mobile Phone Repair, Mobile Phone Accessories, Electronics Repair",https://www.yelp.com/biz/cellular-repair-center-detroit-9?adjust_creative=nzsOrWQEZA8rEfPyq3271g&utm_campaign=yelp_api_v3&utm_medium=api_v3_business_search&utm_source=nzsOrWQEZA8rEfPyq3271g,Windsor,cellular-repair-center-detroit-9
iFix Taylor,1,9,N/A,(734) 287-8500,"23700 Eureka Rd, Taylor, MI 48180",https://www.yelp.com/biz/ifix-taylor-taylor?adjust_creative=nzsOrWQEZA8rEfPyq3271g&utm_campaign=yelp_api_v3&utm_medium=api_v3_business_search&utm_source=nzsOrWQEZA8rEfPyq3271g,N/A,N/A,"Telecommunications, Mobile Phone Repair",https://www.yelp.com/biz/ifix-taylor-taylor?adjust_creative=nzsOrWQEZA8rEfPyq3271g&utm_campaign=yelp_api_v3&utm_medium=api_v3_business_search&utm_source=nzsOrWQEZA8rEfPyq3271g,Windsor,ifix-taylor-taylor
Phone Mechanix,5,3,N/A,(248) 250-9028,"2063 E Maple Rd, Troy, MI 48083",https://www.yelp.com/biz/phone-mechanix-troy-4?adjust_creative=nzsOrWQEZA8rEfPyq3271g&utm_campaign=yelp_api_v3&utm_medium=api_v3_business_search&utm_source=nzsOrWQEZA8rEfPyq3271g,N/A,N/A,Mobile Phone Repair,https://www.yelp.com/biz/phone-mechanix-troy-4?adjust_creative=nzsOrWQEZA8rEfPyq3271g&utm_campaign=yelp_api_v3&utm_medium=api_v3_business_search&utm_source=nzsOrWQEZA8rEfPyq3271g,Windsor,phone-mechanix-troy-4
CPR Cell Phone Repair - Westland,3.2,21,N/A,(734) 272-8222,"33676 Ford Rd, Westland, MI 48185",https://www.yelp.com/biz/cpr-cell-phone-repair-westland-westland-4?adjust_creative=nzsOrWQEZA8rEfPyq3271g&utm_campaign=yelp_api_v3&utm_medium=api_v3_business_search&utm_source=nzsOrWQEZA8rEfPyq3271g,N/A,N/A,"Mobile Phones, Electronics Repair, Mobile Phone Repair",https://www.yelp.com/biz/cpr-cell-phone-repair-westland-westland-4?adjust_creative=nzsOrWQEZA8rEfPyq3271g&utm_campaign=yelp_api_v3&utm_medium=api_v3_business_search&utm_source=nzsOrWQEZA8rEfPyq3271g,Windsor,cpr-cell-phone-repair-westland-westland-4
Quick Tv Service & Repair,1,2,N/A,+1 519-945-5558,"3921 Seminole Street, Windsor, ON N8Y 1Z1, Canada",https://www.yelp.com/biz/quick-tv-service-and-repair-windsor?adjust_creative=nzsOrWQEZA8rEfPyq3271g&utm_campaign=yelp_api_v3&utm_medium=api_v3_business_search&utm_source=nzsOrWQEZA8rEfPyq3271g,N/A,N/A,Electronics Repair,https://www.yelp.com/biz/quick-tv-service-and-repair-windsor?adjust_creative=nzsOrWQEZA8rEfPyq3271g&utm_campaign=yelp_api_v3&utm_medium=api_v3_business_search&utm_source=nzsOrWQEZA8rEfPyq3271g,Windsor,quick-tv-service-and-repair-windsor
Same Day TV Repair Services,0,0,N/A,+1 519-566-3161,"3841 Tecumseh Road E, Windsor, ON N8W 1J1, Canada",https://www.yelp.com/biz/same-day-tv-repair-services-windsor?adjust_creative=nzsOrWQEZA8rEfPyq3271g&utm_campaign=yelp_api_v3&utm_medium=api_v3_business_search&utm_source=nzsOrWQEZA8rEfPyq3271g,N/A,N/A,Electronics Repair,https://www.yelp.com/biz/same-day-tv-repair-services-windsor?adjust_creative=nzsOrWQEZA8rEfPyq3271g&utm_campaign=yelp_api_v3&utm_medium=api_v3_business_search&utm_source=nzsOrWQEZA8rEfPyq3271g,Windsor,same-day-tv-repair-services-windsor
Schaefer Phone Repair,2.5,2,N/A,(313) 722-4202,"6524 Schaefer Rd, Dearborn, MI 48126",https://www.yelp.com/biz/schaefer-phone-repair-dearborn?adjust_creative=nzsOrWQEZA8rEfPyq3271g&utm_campaign=yelp_api_v3&utm_medium=api_v3_business_search&utm_source=nzsOrWQEZA8rEfPyq3271g,N/A,N/A,"Mobile Phone Repair, Mobile Phones",https://www.yelp.com/biz/schaefer-phone-repair-dearborn?adjust_creative=nzsOrWQEZA8rEfPyq3271g&utm_campaign=yelp_api_v3&utm_medium=api_v3_business_search&utm_source=nzsOrWQEZA8rEfPyq3271g,Windsor,schaefer-phone-repair-dearborn
Vintage Stereo Repair,0,0,N/A,(248) 974-6019,"672 N Milford Rd, Highland, MI 48357",https://www.yelp.com/biz/vintage-stereo-repair-highland?adjust_creative=nzsOrWQEZA8rEfPyq3271g&utm_campaign=yelp_api_v3&utm_medium=api_v3_business_search&utm_source=nzsOrWQEZA8rEfPyq3271g,N/A,N/A,Electronics Repair,https://www.yelp.com/biz/vintage-stereo-repair-highland?adjust_creative=nzsOrWQEZA8rEfPyq3271g&utm_campaign=yelp_api_v3&utm_medium=api_v3_business_search&utm_source=nzsOrWQEZA8rEfPyq3271g,Windsor,vintage-stereo-repair-highland
Rocket Fix Cellular Repair,3.9,16,N/A,(586) 393-1969,"Warren, MI 48092",https://www.yelp.com/biz/rocket-fix-cellular-repair-warren-3?adjust_creative=nzsOrWQEZA8rEfPyq3271g&utm_campaign=yelp_api_v3&utm_medium=api_v3_business_search&utm_source=nzsOrWQEZA8rEfPyq3271g,N/A,N/A,Mobile Phone Repair,https://www.yelp.com/biz/rocket-fix-cellular-repair-warren-3?adjust_creative=nzsOrWQEZA8rEfPyq3271g&utm_campaign=yelp_api_v3&utm_medium=api_v3_business_search&utm_source=nzsOrWQEZA8rEfPyq3271g,Windsor,rocket-fix-cellular-repair-warren-3
Wireless Pittstop,0,0,N/A,(248) 346-3104,"18940 West 7 Mile Rd, Detroit, MI 48219",https://www.yelp.com/biz/wireless-pittstop-detroit?adjust_creative=nzsOrWQEZA8rEfPyq3271g&utm_campaign=yelp_api_v3&utm_medium=api_v3_business_search&utm_source=nzsOrWQEZA8rEfPyq3271g,N/A,N/A,"Mobile Phone Repair, Mobile Phones, Electronics",https://www.yelp.com/biz/wireless-pittstop-detroit?adjust_creative=nzsOrWQEZA8rEfPyq3271g&utm_campaign=yelp_api_v3&utm_medium=api_v3_business_search&utm_source=nzsOrWQEZA8rEfPyq3271g,Windsor,wireless-pittstop-detroit
Ur Repair Tech,0,0,N/A,(248) 991-4304,"24000 Plymouth Rd, Redford Charter Twp, MI 48239",https://www.yelp.com/biz/ur-repair-tech-redford-charter-twp?adjust_creative=nzsOrWQEZA8rEfPyq3271g&utm_campaign=yelp_api_v3&utm_medium=api_v3_business_search&utm_source=nzsOrWQEZA8rEfPyq3271g,N/A,N/A,"Mobile Phone Repair, Electronics Repair",https://www.yelp.com/biz/ur-repair-tech-redford-charter-twp?adjust_creative=nzsOrWQEZA8rEfPyq3271g&utm_campaign=yelp_api_v3&utm_medium=api_v3_business_search&utm_source=nzsOrWQEZA8rEfPyq3271g,Windsor,ur-repair-tech-redford-charter-twp
IFixMax,0,0,N/A,(586) 722-7243,"5788 Twelve Mile Rd, Warren, MI 48092",https://www.yelp.com/biz/ifixmax-warren-8?adjust_creative=nzsOrWQEZA8rEfPyq3271g&utm_campaign=yelp_api_v3&utm_medium=api_v3_business_search&utm_source=nzsOrWQEZA8rEfPyq3271g,N/A,N/A,Mobile Phone Repair,https://www.yelp.com/biz/ifixmax-warren-8?adjust_creative=nzsOrWQEZA8rEfPyq3271g&utm_campaign=yelp_api_v3&utm_medium=api_v3_business_search&utm_source=nzsOrWQEZA8rEfPyq3271g,Windsor,ifixmax-warren-8
iFix Detroit,2.1,7,N/A,(313) 886-8288,"16401 E Warren Ave, Detroit, MI 48224",https://www.yelp.com/biz/ifix-detroit-detroit-11?adjust_creative=nzsOrWQEZA8rEfPyq3271g&utm_campaign=yelp_api_v3&utm_medium=api_v3_business_search&utm_source=nzsOrWQEZA8rEfPyq3271g,N/A,N/A,"Mobile Phones, Mobile Phone Repair, Mobile Phone Accessories",https://www.yelp.com/biz/ifix-detroit-detroit-11?adjust_creative=nzsOrWQEZA8rEfPyq3271g&utm_campaign=yelp_api_v3&utm_medium=api_v3_business_search&utm_source=nzsOrWQEZA8rEfPyq3271g,Windsor,ifix-detroit-detroit-11
Cellular Repair Solutions,0,0,N/A,(313) 640-8008,"20830 Moross Rd, Unit B, Detroit, MI 48236",https://www.yelp.com/biz/cellular-repair-solutions-detroit?adjust_creative=nzsOrWQEZA8rEfPyq3271g&utm_campaign=yelp_api_v3&utm_medium=api_v3_business_search&utm_source=nzsOrWQEZA8rEfPyq3271g,N/A,N/A,"Mobile Phone Accessories, Electronics Repair, Mobile Phone Repair",https://www.yelp.com/biz/cellular-repair-solutions-detroit?adjust_creative=nzsOrWQEZA8rEfPyq3271g&utm_campaign=yelp_api_v3&utm_medium=api_v3_business_search&utm_source=nzsOrWQEZA8rEfPyq3271g,Windsor,cellular-repair-solutions-detroit
Cellular Repair Center,4.4,7,N/A,(248) 355-2122,"20095 W 12 Mile Rd, Southfield, MI 48076",https://www.yelp.com/biz/cellular-repair-center-southfield-12?adjust_creative=nzsOrWQEZA8rEfPyq3271g&utm_campaign=yelp_api_v3&utm_medium=api_v3_business_search&utm_source=nzsOrWQEZA8rEfPyq3271g,N/A,N/A,"Mobile Phone Repair, Mobile Phone Accessories, Electronics Repair",https://www.yelp.com/biz/cellular-repair-center-southfield-12?adjust_creative=nzsOrWQEZA8rEfPyq3271g&utm_campaign=yelp_api_v3&utm_medium=api_v3_business_search&utm_source=nzsOrWQEZA8rEfPyq3271g,Windsor,cellular-repair-center-southfield-12
Metro By T-Mobile Detroit,0,0,N/A,(313) 340-9818,"4125 West 8 Mile Rd, Detroit, MI 48221",https://www.yelp.com/biz/metro-by-t-mobile-detroit-detroit?adjust_creative=nzsOrWQEZA8rEfPyq3271g&utm_campaign=yelp_api_v3&utm_medium=api_v3_business_search&utm_source=nzsOrWQEZA8rEfPyq3271g,N/A,N/A,"Mobile Phones, Mobile Phone Accessories, Mobile Phone Repair",https://www.yelp.com/biz/metro-by-t-mobile-detroit-detroit?adjust_creative=nzsOrWQEZA8rEfPyq3271g&utm_campaign=yelp_api_v3&utm_medium=api_v3_business_search&utm_source=nzsOrWQEZA8rEfPyq3271g,Windsor,metro-by-t-mobile-detroit-detroit
Anything Electronics,0,0,N/A,(248) 677-1040,"Royal Oak, MI 48073",https://www.yelp.com/biz/anything-electronics-royal-oak-3?adjust_creative=nzsOrWQEZA8rEfPyq3271g&utm_campaign=yelp_api_v3&utm_medium=api_v3_business_search&utm_source=nzsOrWQEZA8rEfPyq3271g,N/A,N/A,"Electronics Repair, Electronics, Mobile Phones",https://www.yelp.com/biz/anything-electronics-royal-oak-3?adjust_creative=nzsOrWQEZA8rEfPyq3271g&utm_campaign=yelp_api_v3&utm_medium=api_v3_business_search&utm_source=nzsOrWQEZA8rEfPyq3271g,Windsor,anything-electronics-royal-oak-3
Bartsonics,5,1,N/A,(734) 662-6000,"296 W Eisenhower Pky, Ann Arbor, MI 48103",https://www.yelp.com/biz/bartsonics-ann-arbor?adjust_creative=nzsOrWQEZA8rEfPyq3271g&utm_campaign=yelp_api_v3&utm_medium=api_v3_business_search&utm_source=nzsOrWQEZA8rEfPyq3271g,N/A,N/A,"High Fidelity Audio Equipment, Electronics Repair, Musical Instrument Services",https://www.yelp.com/biz/bartsonics-ann-arbor?adjust_creative=nzsOrWQEZA8rEfPyq3271g&utm_campaign=yelp_api_v3&utm_medium=api_v3_business_search&utm_source=nzsOrWQEZA8rEfPyq3271g,Windsor,bartsonics-ann-arbor
Master Phone Repair,5,1,N/A,(313) 355-9361,"16151 W Warren St, Detroit, MI 48228",https://www.yelp.com/biz/master-phone-repair-detroit-2?adjust_creative=nzsOrWQEZA8rEfPyq3271g&utm_campaign=yelp_api_v3&utm_medium=api_v3_business_search&utm_source=nzsOrWQEZA8rEfPyq3271g,N/A,N/A,Mobile Phone Repair,https://www.yelp.com/biz/master-phone-repair-detroit-2?adjust_creative=nzsOrWQEZA8rEfPyq3271g&utm_campaign=yelp_api_v3&utm_medium=api_v3_business_search&utm_source=nzsOrWQEZA8rEfPyq3271g,Windsor,master-phone-repair-detroit-2
MTX Repair Center,5,1,N/A,(313) 587-9825,"35675 Central City Pkwy, Westland, MI 48185",https://www.yelp.com/biz/mtx-repair-center-westland?adjust_creative=nzsOrWQEZA8rEfPyq3271g&utm_campaign=yelp_api_v3&utm_medium=api_v3_business_search&utm_source=nzsOrWQEZA8rEfPyq3271g,N/A,N/A,"Mobile Phone Repair, Electronics Repair, Data Recovery",https://www.yelp.com/biz/mtx-repair-center-westland?adjust_creative=nzsOrWQEZA8rEfPyq3271g&utm_campaign=yelp_api_v3&utm_medium=api_v3_business_search&utm_source=nzsOrWQEZA8rEfPyq3271g,Windsor,mtx-repair-center-westland
TJ’s Phone Repair,0,0,N/A,(313) 910-2088,"Detroit, MI 48219",https://www.yelp.com/biz/tj-s-phone-repair-detroit?adjust_creative=nzsOrWQEZA8rEfPyq3271g&utm_campaign=yelp_api_v3&utm_medium=api_v3_business_search&utm_source=nzsOrWQEZA8rEfPyq3271g,N/A,N/A,Mobile Phone Repair,https://www.yelp.com/biz/tj-s-phone-repair-detroit?adjust_creative=nzsOrWQEZA8rEfPyq3271g&utm_campaign=yelp_api_v3&utm_medium=api_v3_business_search&utm_source=nzsOrWQEZA8rEfPyq3271g,Windsor,tj-s-phone-repair-detroit
Boost Mobile,1,1,N/A,(313) 886-8288,"16401 E Warren Ave, Detroit, MI 48224",https://www.yelp.com/biz/boost-mobile-detroit-22?adjust_creative=nzsOrWQEZA8rEfPyq3271g&utm_campaign=yelp_api_v3&utm_medium=api_v3_business_search&utm_source=nzsOrWQEZA8rEfPyq3271g,N/A,N/A,"Mobile Phones, Mobile Phone Repair, Electronics",https://www.yelp.com/biz/boost-mobile-detroit-22?adjust_creative=nzsOrWQEZA8rEfPyq3271g&utm_campaign=yelp_api_v3&utm_medium=api_v3_business_search&utm_source=nzsOrWQEZA8rEfPyq3271g,Windsor,boost-mobile-detroit-22
Tech Doctors,0,0,N/A,(313) 437-7084,"20225 Livernois Ave, Detroit, MI 48221",https://www.yelp.com/biz/tech-doctors-detroit?adjust_creative=nzsOrWQEZA8rEfPyq3271g&utm_campaign=yelp_api_v3&utm_medium=api_v3_business_search&utm_source=nzsOrWQEZA8rEfPyq3271g,N/A,N/A,Mobile Phone Repair,https://www.yelp.com/biz/tech-doctors-detroit?adjust_creative=nzsOrWQEZA8rEfPyq3271g&utm_campaign=yelp_api_v3&utm_medium=api_v3_business_search&utm_source=nzsOrWQEZA8rEfPyq3271g,Windsor,tech-doctors-detroit
Pro Audio and Lighting,3.6,7,N/A,(586) 582-0871,"2400 E 14 Mile Rd, Warren, MI 48092",https://www.yelp.com/biz/pro-audio-and-lighting-warren?adjust_creative=nzsOrWQEZA8rEfPyq3271g&utm_campaign=yelp_api_v3&utm_medium=api_v3_business_search&utm_source=nzsOrWQEZA8rEfPyq3271g,N/A,N/A,"High Fidelity Audio Equipment, Electronics Repair, Audio/Visual Equipment Rental",https://www.yelp.com/biz/pro-audio-and-lighting-warren?adjust_creative=nzsOrWQEZA8rEfPyq3271g&utm_campaign=yelp_api_v3&utm_medium=api_v3_business_search&utm_source=nzsOrWQEZA8rEfPyq3271g,Windsor,pro-audio-and-lighting-warren
Cell Max - Great Lakes Crossing Outlets,0,0,N/A,(248) 805-5965,"4000 Baldwin Rd, Auburn Hill, MI 48326",https://www.yelp.com/biz/cell-max-great-lakes-crossing-outlets-auburn-hill?adjust_creative=nzsOrWQEZA8rEfPyq3271g&utm_campaign=yelp_api_v3&utm_medium=api_v3_business_search&utm_source=nzsOrWQEZA8rEfPyq3271g,N/A,N/A,"Mobile Phone Repair, Mobile Phone Accessories, Electronics Repair",https://www.yelp.com/biz/cell-max-great-lakes-crossing-outlets-auburn-hill?adjust_creative=nzsOrWQEZA8rEfPyq3271g&utm_campaign=yelp_api_v3&utm_medium=api_v3_business_search&utm_source=nzsOrWQEZA8rEfPyq3271g,Windsor,cell-max-great-lakes-crossing-outlets-auburn-hill
Paragon SMT,0,0,N/A,+1 877-589-0727,"Windsor, ON N8N 1B1, Canada",https://www.yelp.com/biz/paragon-smt-windsor-2?adjust_creative=nzsOrWQEZA8rEfPyq3271g&utm_campaign=yelp_api_v3&utm_medium=api_v3_business_search&utm_source=nzsOrWQEZA8rEfPyq3271g,N/A,N/A,"Electronics Repair, Electronics",https://www.yelp.com/biz/paragon-smt-windsor-2?adjust_creative=nzsOrWQEZA8rEfPyq3271g&utm_campaign=yelp_api_v3&utm_medium=api_v3_business_search&utm_source=nzsOrWQEZA8rEfPyq3271g,Windsor,paragon-smt-windsor-2
Metro by Tmobile,0,0,N/A,,"1343 W 8 Mile Rd, Detroit, MI 48220",https://www.yelp.com/biz/metro-by-tmobile-detroit?adjust_creative=nzsOrWQEZA8rEfPyq3271g&utm_campaign=yelp_api_v3&utm_medium=api_v3_business_search&utm_source=nzsOrWQEZA8rEfPyq3271g,N/A,N/A,"Mobile Phone Accessories, Mobile Phones, Mobile Phone Repair",https://www.yelp.com/biz/metro-by-tmobile-detroit?adjust_creative=nzsOrWQEZA8rEfPyq3271g&utm_campaign=yelp_api_v3&utm_medium=api_v3_business_search&utm_source=nzsOrWQEZA8rEfPyq3271g,Windsor,metro-by-tmobile-detroit
Captain Repair IT,0,0,N/A,(248) 939-4227,"Washington Township, MI 48065",https://www.yelp.com/biz/captain-repair-it-washington-township?adjust_creative=nzsOrWQEZA8rEfPyq3271g&utm_campaign=yelp_api_v3&utm_medium=api_v3_business_search&utm_source=nzsOrWQEZA8rEfPyq3271g,N/A,N/A,"Data Recovery, Web Design, Home Theatre Installation",https://www.yelp.com/biz/captain-repair-it-washington-township?adjust_creative=nzsOrWQEZA8rEfPyq3271g&utm_campaign=yelp_api_v3&utm_medium=api_v3_business_search&utm_source=nzsOrWQEZA8rEfPyq3271g,Windsor,captain-repair-it-washington-township
Game Play,0,0,N/A,(313) 387-9906,"9173 Telegraph Rd, Redford, MI 48239",https://www.yelp.com/biz/game-play-redford-2?adjust_creative=nzsOrWQEZA8rEfPyq3271g&utm_campaign=yelp_api_v3&utm_medium=api_v3_business_search&utm_source=nzsOrWQEZA8rEfPyq3271g,N/A,N/A,"Electronics Repair, Video Game Stores",https://www.yelp.com/biz/game-play-redford-2?adjust_creative=nzsOrWQEZA8rEfPyq3271g&utm_campaign=yelp_api_v3&utm_medium=api_v3_business_search&utm_source=nzsOrWQEZA8rEfPyq3271g,Windsor,game-play-redford-2
All Mobile Phone Repair and Fixing,0,0,N/A,(929) 206-2431,"Hamtramck, MI 48212",https://www.yelp.com/biz/all-mobile-phone-repair-and-fixing-hamtramck?adjust_creative=nzsOrWQEZA8rEfPyq3271g&utm_campaign=yelp_api_v3&utm_medium=api_v3_business_search&utm_source=nzsOrWQEZA8rEfPyq3271g,N/A,N/A,Mobile Phone Repair,https://www.yelp.com/biz/all-mobile-phone-repair-and-fixing-hamtramck?adjust_creative=nzsOrWQEZA8rEfPyq3271g&utm_campaign=yelp_api_v3&utm_medium=api_v3_business_search&utm_source=nzsOrWQEZA8rEfPyq3271g,Windsor,all-mobile-phone-repair-and-fixing-hamtramck
All Kind Of Solutions,0,0,N/A,+1 226-260-0525,"Windsor, ON N9E 1T5, Canada",https://www.yelp.com/biz/all-kind-of-solutions-windsor?adjust_creative=nzsOrWQEZA8rEfPyq3271g&utm_campaign=yelp_api_v3&utm_medium=api_v3_business_search&utm_source=nzsOrWQEZA8rEfPyq3271g,N/A,N/A,"Home Cleaning, Landscaping, Electronics Repair",https://www.yelp.com/biz/all-kind-of-solutions-windsor?adjust_creative=nzsOrWQEZA8rEfPyq3271g&utm_campaign=yelp_api_v3&utm_medium=api_v3_business_search&utm_source=nzsOrWQEZA8rEfPyq3271g,Windsor,all-kind-of-solutions-windsor
Uptime Technology Group,0,0,N/A,(586) 648-0659,"New Baltimore, MI 48047",https://www.yelp.com/biz/uptime-technology-group-new-baltimore-2?adjust_creative=nzsOrWQEZA8rEfPyq3271g&utm_campaign=yelp_api_v3&utm_medium=api_v3_business_search&utm_source=nzsOrWQEZA8rEfPyq3271g,N/A,N/A,"IT Services & Computer Repair, Electronics Repair",https://www.yelp.com/biz/uptime-technology-group-new-baltimore-2?adjust_creative=nzsOrWQEZA8rEfPyq3271g&utm_campaign=yelp_api_v3&utm_medium=api_v3_business_search&utm_source=nzsOrWQEZA8rEfPyq3271g,Windsor,uptime-technology-group-new-baltimore-2
Luv Wireless Consulting,0,0,N/A,+1 613-800-2141,"Ottawa, ON, Canada",https://www.yelp.com/biz/luv-wireless-consulting-ottawa?adjust_creative=nzsOrWQEZA8rEfPyq3271g&utm_campaign=yelp_api_v3&utm_medium=api_v3_business_search&utm_source=nzsOrWQEZA8rEfPyq3271g,N/A,N/A,"Electronics, Mobile Phones, Electronics Repair",https://www.yelp.com/biz/luv-wireless-consulting-ottawa?adjust_creative=nzsOrWQEZA8rEfPyq3271g&utm_campaign=yelp_api_v3&utm_medium=api_v3_business_search&utm_source=nzsOrWQEZA8rEfPyq3271g,Windsor,luv-wireless-consulting-ottawa
Total By Verizon,0,0,N/A,(586) 238-2918,"16941 E 9 Mile Rd, Eastpointe, MI 48021",https://www.yelp.com/biz/total-by-verizon-eastpointe-2?adjust_creative=nzsOrWQEZA8rEfPyq3271g&utm_campaign=yelp_api_v3&utm_medium=api_v3_business_search&utm_source=nzsOrWQEZA8rEfPyq3271g,N/A,N/A,"Mobile Phones, Mobile Phone Repair, Mobile Phone Accessories",https://www.yelp.com/biz/total-by-verizon-eastpointe-2?adjust_creative=nzsOrWQEZA8rEfPyq3271g&utm_campaign=yelp_api_v3&utm_medium=api_v3_business_search&utm_source=nzsOrWQEZA8rEfPyq3271g,Windsor,total-by-verizon-eastpointe-2
Logic Level,0,0,N/A,+1 519-999-2624,"Windsor, ON N9G 1P8, Canada",https://www.yelp.com/biz/logic-level-windsor?adjust_creative=nzsOrWQEZA8rEfPyq3271g&utm_campaign=yelp_api_v3&utm_medium=api_v3_business_search&utm_source=nzsOrWQEZA8rEfPyq3271g,N/A,N/A,"Marketing, IT Services & Computer Repair, Electronics Repair",https://www.yelp.com/biz/logic-level-windsor?adjust_creative=nzsOrWQEZA8rEfPyq3271g&utm_campaign=yelp_api_v3&utm_medium=api_v3_business_search&utm_source=nzsOrWQEZA8rEfPyq3271g,Windsor,logic-level-windsor
Motor City Tech Team,0,0,N/A,(586) 894-8324,"20440 Harper Ave, Harper Woods, MI 48225",https://www.yelp.com/biz/motor-city-tech-team-harper-woods?adjust_creative=nzsOrWQEZA8rEfPyq3271g&utm_campaign=yelp_api_v3&utm_medium=api_v3_business_search&utm_source=nzsOrWQEZA8rEfPyq3271g,N/A,N/A,"Electronics Repair, Mobile Phone Repair",https://www.yelp.com/biz/motor-city-tech-team-harper-woods?adjust_creative=nzsOrWQEZA8rEfPyq3271g&utm_campaign=yelp_api_v3&utm_medium=api_v3_business_search&utm_source=nzsOrWQEZA8rEfPyq3271g,Windsor,motor-city-tech-team-harper-woods
Auburn Consulting Copier Repair Service and Sales,0,0,N/A,(586) 201-1080,"31193 Schoolcraft Rd, livonia, MI 48150",https://www.yelp.com/biz/auburn-consulting-copier-repair-service-and-sales-livonia-2?adjust_creative=nzsOrWQEZA8rEfPyq3271g&utm_campaign=yelp_api_v3&utm_medium=api_v3_business_search&utm_source=nzsOrWQEZA8rEfPyq3271g,N/A,N/A,"Office Equipment, Electronics Repair",https://www.yelp.com/biz/auburn-consulting-copier-repair-service-and-sales-livonia-2?adjust_creative=nzsOrWQEZA8rEfPyq3271g&utm_campaign=yelp_api_v3&utm_medium=api_v3_business_search&utm_source=nzsOrWQEZA8rEfPyq3271g,Windsor,auburn-consulting-copier-repair-service-and-sales-livonia-2
DRP Disaster Relief Professionals,0,0,N/A,(313) 452-2868,"Dearborn Heights, MI 48125",https://www.yelp.com/biz/drp-disaster-relief-professionals-dearborn-heights?adjust_creative=nzsOrWQEZA8rEfPyq3271g&utm_campaign=yelp_api_v3&utm_medium=api_v3_business_search&utm_source=nzsOrWQEZA8rEfPyq3271g,N/A,N/A,Damage Restoration,https://www.yelp.com/biz/drp-disaster-relief-professionals-dearborn-heights?adjust_creative=nzsOrWQEZA8rEfPyq3271g&utm_campaign=yelp_api_v3&utm_medium=api_v3_business_search&utm_source=nzsOrWQEZA8rEfPyq3271g,Windsor,drp-disaster-relief-professionals-dearborn-heights
Northline Industrial,0,0,N/A,(313) 537-9798,"12238 Woodbine Redford, Charter Twp, MI 48239",https://www.yelp.com/biz/northline-industrial-charter-twp?adjust_creative=nzsOrWQEZA8rEfPyq3271g&utm_campaign=yelp_api_v3&utm_medium=api_v3_business_search&utm_source=nzsOrWQEZA8rEfPyq3271g,N/A,N/A,Electronics Repair,https://www.yelp.com/biz/northline-industrial-charter-twp?adjust_creative=nzsOrWQEZA8rEfPyq3271g&utm_campaign=yelp_api_v3&utm_medium=api_v3_business_search&utm_source=nzsOrWQEZA8rEfPyq3271g,Windsor,northline-industrial-charter-twp
Wired Technologies,0,0,N/A,(313) 800-1611,"31099 Schoolcraft Rd, Livonia, MI 48150",https://www.yelp.com/biz/wired-technologies-livonia-2?adjust_creative=nzsOrWQEZA8rEfPyq3271g&utm_campaign=yelp_api_v3&utm_medium=api_v3_business_search&utm_source=nzsOrWQEZA8rEfPyq3271g,N/A,N/A,"Machine Shops, Electronics Repair, Product Design",https://www.yelp.com/biz/wired-technologies-livonia-2?adjust_creative=nzsOrWQEZA8rEfPyq3271g&utm_campaign=yelp_api_v3&utm_medium=api_v3_business_search&utm_source=nzsOrWQEZA8rEfPyq3271g,Windsor,wired-technologies-livonia-2
